lastname,firstname,location,birthday,gender,comment
McMackin,Brig,Longnawang,2/1/2000,M,
Bradd,Aldwin,Vyatskiye Polyany,6/5/1993,M,
Courson,Matty,Cimanggu Wetan,7/22/1985,F,
Clawe,Jereme,Salor,3/5/1991,M,
Nanni,Rosalie,Maracaju,12/20/1993,F,
Kiffe,Gris,Denver,2/4/2000,M,98 Golf View Parkway
Lorriman,Culver,Novoye Devyatkino,12/1/1999,M,
MacCartair,Vito,Stadtbredimus,4/2/1983,M,
Mandell,Richie,Santa Catalina,7/26/1982,M,
Bartosek,Dougy,Kang,6/9/1991,M,
Tolfrey,Luise,Timurjaya,5/26/1989,F,28 Arkansas Place
Proschek,Elwyn,Davyd-Haradok,1/13/1989,M,
Farriar,Marjory,Az Zulfi,8/19/1999,F,
Scaysbrook,Javier,Philadelphia,11/29/1999,M,
Arnault,Allx,Nanping,4/24/1989,F,
Kulicke,Delmer,Borlänge,11/30/1998,M,
Calam,Henderson,Saratak,6/16/1999,M,
Kivelle,Hussein,Cilaja,11/5/1996,M,
Chern,Henry,Fangbu,12/21/1985,M,
Von Hindenburg,Carolyne,Nakamura,4/19/1990,F,
Burnside,Cal,Infanta,7/4/2000,M,
McGowan,Chantal,Celica,9/27/1998,F,
Matusiak,Sheri,Kuantan,11/22/1982,F,
Wiltshaw,Carrol,Maastricht,10/3/1985,M,
Scally,Ethel,Palikir - National Government Center,6/16/1999,F,
Caddie,Ossie,Jeremi,4/14/1997,M,64475 Bunker Hill Circle
Ekell,Clayson,Inuyama,10/21/1996,M,
Killiam,Thomasine,Kliwon Cibingbin,12/4/1993,F,
Yeats,Adele,Jiawu,12/15/1991,F,
Whiteoak,Gill,Al Manāqil,4/26/1995,F,
Rittelmeyer,Dame,Aguazul,6/14/1986,M,
MacGarrity,Alvira,Vapnyarka,9/5/1993,F,
Proudman,Aridatha,Miguelópolis,11/8/1996,F,8 Darwin Crossing
Tuttiett,Farlay,Kyrenia,7/24/1982,M,
Scottini,Bartlett,Allacapan,12/26/1997,M,
Clowney,Ernst,Oravais,12/8/1998,M,
Quilligan,Emily,Brejo da Madre de Deus,5/24/2000,F,
Skeeles,Clarissa,Santiago Atitlán,10/30/1984,F,
Lidgate,Holli,Plyussa,10/20/1995,F,
D'Antuoni,Enrico,Kawengan,7/26/1993,M,
Anthona,Sibbie,Abut,2/27/1986,F,7 Carey Crossing
Siely,Luci,Föglö,12/1/1998,F,
Peachment,Milli,Bloomington,9/1/1987,F,
Sedgeworth,Lyndel,Puerto Cisnes,2/22/1995,F,8796 8th Lane
Minette,Rebeca,Strážnice,8/7/1987,F,
Schulkins,Emanuele,Calape,3/16/2000,M,938 Village Lane
Birtwistle,Burnard,Parizh,2/21/1992,M,1 Hanover Point
Pentycross,Ede,Bồng Sơn,7/19/1993,F,9583 Commercial Place
Lared,Aleksandr,Krasnoznamensk,8/18/1996,M,
Notton,Cesaro,Haninge,5/8/1985,M,
Boerderman,Raul,Leles,11/26/1989,M,70 Daystar Circle
Ilchenko,Adey,Kutampi,4/23/1984,F,84 Coolidge Parkway
Yewdale,Bevvy,Vale de Figueira,9/27/1986,F,
Heinrich,Zebulon,Färjestaden,7/3/1996,M,
Algore,Koral,Delray Beach,1/21/2001,F,
Lloyd-Williams,Udall,Zhengcun,1/27/1989,M,3220 Heath Park
Phuprate,Erick,Namangan,9/13/1994,M,
Chin,Gisella,Gbadolite,6/2/1982,F,
Latehouse,Quinton,Mingora,10/31/1998,M,399 Boyd Park
Swanborrow,Lonni,Abut,1/2/1992,F,
Radmer,Vivyanne,Danderyd,2/12/1988,F,53411 Menomonie Lane
Fealty,Lyn,Bukal,8/3/1994,F,465 Veith Place
Gaynor,Egor,Jayyūs,5/7/1998,M,577 Longview Plaza
Babbe,Cherin,Xihuaiba,10/26/1985,F,
Netting,Olympia,Yuquan,11/10/1982,F,316 School Road
Drain,Tania,Paris 07,12/10/2000,F,
Braganca,Malynda,Bandar Seri Begawan,4/23/1982,F,58 Butterfield Plaza
Campkin,Ulrica,Altan Emel,10/18/1982,F,
Ronchka,Killian,Kalipucang,8/20/1984,M,495 Lakeland Alley
Poytheras,Flory,Mamfe,3/18/1998,F,
Bangiard,Jayson,Yu’erhong,7/11/1995,M,
Bordes,Arthur,Xianghuaqiao,5/15/1983,M,
Berni,Jonas,Mauloo,5/21/1998,M,
Jacomb,Aldwin,Zolotyy Potik,5/8/1990,M,
Mynott,Babs,Zhangdian,3/11/1995,F,
Bineham,Gillan,Jincheng,9/3/1986,F,99909 Debs Pass
Helks,Yetta,Ballymahon,9/18/1997,F,026 Shelley Alley
Wrankling,Ivory,Katakwi,7/26/1987,F,
Kenchington,Aubrette,Ambarita,9/6/1988,F,
Gallienne,Ailsun,Mūsa Khel Bāzār,3/8/1983,F,
Dabernott,Barnard,Chejiazhuang,2/1/2001,M,424 Nelson Circle
McGawn,Janette,Smiltene,7/5/1983,F,
Maylour,Cyrille,Changgang,2/7/2000,M,
Rue,Base,Bacnar,11/15/1987,M,
Duffett,Dacey,Jezerce,1/16/1988,F,27 Service Drive
Hilldrop,Bryana,Machala,2/9/2000,F,
Duffree,Sande,Krikil,10/7/1998,F,0511 Farwell Drive
Froude,Venus,New Mīrpur,10/11/1994,F,
Hinsche,Ingrid,Kalanguy,7/31/1994,F,75021 Nelson Terrace
Perrigo,Carilyn,Dalongdong,6/27/1987,F,
Whipp,Sydney,Slovenska Bistrica,11/14/1986,M,7 Fuller Street
Lebreton,Jody,Hegarmulya,10/27/1994,M,
Pechacek,Glendon,Lijiapu,7/6/1998,M,
Heijnen,Raquela,Pashkovskiy,5/18/1999,F,
Nower,Kayley,Lokokrangan,9/5/1984,F,
Kuhnwald,Trisha,Baota,11/9/1993,F,2347 Lawn Lane
Dainty,Marissa,Issia,11/19/1998,F,03961 Stone Corner Plaza
Bobasch,Sylas,Ulaandel,11/26/1998,M,
Crees,Lesley,Granica,4/23/1994,M,130 Continental Avenue
Illyes,Darcey,Schaan,4/2/1998,F,
Moutray Read,Raviv,Melchor Ocampo,6/17/1988,M,
Bessell,Isobel,Kozloduy,6/19/1991,F,
Hoodlass,Lynelle,Groningen,4/19/1989,F,
Dack,Vergil,Tongda,8/10/1983,M,
Bengough,Bunni,Tarbes,4/25/1982,F,
Layland,Lyell,Dimataling,5/16/1992,M,
Judkins,Rasla,Kijini,9/15/1985,F,
Robley,Kristel,Tanghu,3/22/1985,F,
Slite,Jermaine,Songdong,9/18/1991,F,94 Butterfield Parkway
Philipet,Gustie,Vaxholm,8/5/1984,F,
Peat,Lyn,Trinidad,11/9/1996,M,
Sabate,Natalya,Kalajoki,8/29/1996,F,1676 Rowland Street
Lippitt,Dugald,Lorica,3/1/1990,M,1 Arapahoe Circle
De Carolis,Chrissy,Wudong,3/5/1992,F,74 Ridge Oak Junction
Wimpress,Howard,Karobokan,3/18/1994,M,15366 Walton Road
Ros,Nial,Xindeng,1/29/1996,M,
Pears,Claiborne,Lau,4/12/1989,M,
Sabathier,Ilene,Villa Allende,3/3/1996,F,
Hatje,Amelia,Villa Dolores,10/30/1995,F,
Tallow,Lindsay,Nginjen,12/8/1986,M,
Ashcroft,Sheelah,Ar Rubū‘,1/25/1984,F,
Brigden,Maurice,Gunjur Kuta,2/5/1996,M,
Matley,Isaiah,Clervaux,5/14/1987,M,4 Shasta Lane
Chetter,Giustino,Cilangla,12/28/1997,M,
Tasker,Ricki,Érd,4/1/1988,F,6 Elka Plaza
Laherty,Ertha,Dampek,2/10/1987,F,34 Stoughton Crossing
Mapstone,Alasteir,Ludvika,1/4/1998,M,
Hartridge,Val,La Fortuna,1/27/1990,F,
Parr,Mada,Cabugao,4/9/1989,F,
Tonn,Tanhya,Mikhaylovsk,4/13/1986,F,
Langston,Alec,Takamatsu-shi,10/20/1983,M,7350 Heffernan Plaza
Ripley,Joli,Bukonyo,11/6/1990,F,
Gillespie,Cherish,Long’anqiao,2/11/1985,F,
Wilkin,Kassie,He’an,12/11/1999,F,
Goody,Tam,Crépy-en-Valois,3/4/1989,M,3 Manley Terrace
Tomowicz,Benedikt,Čajniče,4/6/1999,M,
McGlade,Jabez,Lubao,5/31/1985,M,
Stair,Tynan,Chornyanka,6/10/2000,M,
Sample,Thorndike,Bačka Topola,2/19/1984,M,4235 Luster Park
Elmar,Theda,Huayacundo Arma,6/11/1984,F,7261 Logan Junction
Cagan,Abigail,Yunguyo,5/29/1996,F,313 Sutteridge Crossing
Goodricke,Nolan,Qaşr Hallāl,11/8/1986,M,
Battey,Curtice,Bobo-Dioulasso,8/22/1982,M,59574 Russell Plaza
Plumer,Hendrik,Qingjiang,5/13/2000,M,
Vasiliev,Daryl,Xin’an,9/2/1992,F,14419 Acker Road
Conisbee,Lowe,Rāmsar,11/26/1993,M,
Penreth,Gelya,Aucayacu,4/24/1983,F,
Cleever,Vanessa,Tandou,6/29/1986,F,
Madgin,Alyss,Washington,8/20/1995,F,
Brailey,Clifford,Couço,8/21/1993,M,
Clothier,Wright,Masohi,4/28/1984,M,
Bolin,Jedediah,Xinji,3/25/1994,M,
Roels,Tobiah,Baise City,8/5/1985,M,
Loader,Kenton,Nancy,12/18/1986,M,
Doody,Rodolfo,Yanbei,2/22/1983,M,91155 Mccormick Trail
Dalgarnocht,Valerie,Sutukung,7/17/1989,F,5 Gerald Avenue
Lambillion,Hamlin,Kanungu,7/18/1991,M,
Aldie,Hadleigh,Irkutsk,7/18/1995,M,
Birkett,Myrah,Gulou,2/14/1993,F,3303 Mesta Road
Yeskin,Candace,Hyattsville,12/25/1997,F,
Coldman,Britta,Gunung,1/5/1997,F,
Tait,Ado,Lemery,1/28/1997,M,3 Maple Road
Philipard,Sharona,Ḩalabjah,6/12/1999,F,
Bartlosz,Tedd,Juan Adrián,2/3/1989,M,
Scotti,Joyan,San Isidro,12/15/1986,F,1975 Pleasure Park
Pinnegar,Lu,Munduk,1/14/1985,F,
Ruppele,Hayes,Muravlenko,10/4/1992,M,
Emmanuele,Ardella,Patulul,1/8/1989,F,
Celes,Drusie,Sidi Smaïl,12/31/1997,F,
Petticrew,Reyna,Libas,8/17/1999,F,
Fairhead,Stefania,Tamarindo,3/1/1988,F,
Peers,Yoshiko,Kōnosu,12/8/1994,F,
Geerits,Melina,Dmitriyevskaya,5/3/1995,F,4 Michigan Road
Dallywater,Adore,Boroko,4/5/1998,F,33099 Buhler Plaza
Spittall,Rubetta,Kranuan,2/19/1998,F,
Blacktin,Bailie,Tripoli,9/14/1987,M,
Rosengren,Augustus,Peyima,7/29/1987,M,0 Sutteridge Road
McLenahan,Alissa,Aş Şanamayn,9/27/1997,F,
Bedle,Auberon,Nanxing,10/25/1993,M,86536 4th Point
Argont,Misha,Campaka,2/22/1999,F,
Welsh,Spense,Horokhiv,12/17/1989,M,
Ailward,Shay,Otse,1/2/1998,F,
Fookes,Stacy,Kowala,7/11/1985,M,
Mountfort,Ophelie,Pamoyanan,6/14/1991,F,
Keeping,Bernard,Tešanj,3/15/1990,M,
Whittock,Cob,Cibungur,9/27/1994,M,
Chesswas,Terza,Toulouse,12/8/1993,F,
Blackway,Isiahi,Tatebayashi,8/27/1987,M,
Greenslade,Schuyler,Biltine,9/5/1988,M,
Dog,Carlina,Palca,9/23/1990,F,4 Sloan Junction
Pragnall,Diahann,Pavlovskaya,11/16/1996,F,
Semkins,Marena,Viçosa,7/7/1985,F,
Benedite,Kalil,Pamplona/Iruña,8/22/1996,M,030 Morning Avenue
Mattimoe,Leighton,Zhaixi,4/18/1990,M,570 Sage Trail
Henke,Vincent,København,1/12/1995,M,
Whereat,Candace,Vlkoš,9/7/1993,F,
Robins,Johnathon,Arroio do Meio,9/9/1983,M,
Eva,Karlee,Langjun,5/13/1982,F,
Aldins,Jenn,Seixezelo,8/13/1984,F,
Shears,Hillier,Chengyang,10/19/1991,M,
Mileham,Hollie,Houjia,1/2/1998,F,0 Hermina Lane
Palay,Farr,Habry,12/23/1997,M,
Ritchman,Madge,Prince Albert,11/11/1985,F,
Swift,Sandye,Antalaha,12/1/1998,F,
Gratland,Elfreda,Latacunga,3/10/1988,F,
Venus,Luciano,Shuangyuan,6/19/1984,M,
Maggill'Andreis,Conway,Paraíso,9/12/1989,M,
Muffin,Giorgi,Davila,3/1/1995,M,36 Dryden Court
Lismer,Teodorico,Criciúma,9/30/1990,M,
McElvine,Justino,Bel Air Rivière Sèche,9/29/1996,M,8 Buell Lane
Cowlishaw,Harman,Saratov,1/27/1983,M,
Depper,Lise,Haugesund,6/6/1994,F,
Arnely,Urson,Nacaome,9/2/1988,M,22802 Dwight Plaza
Crips,Valida,Huzhen,6/8/1988,F,
Spurdon,Ashbey,Malandag,3/3/1992,M,
Blais,Halli,Qinghe,6/14/1982,F,
Matignon,Barnabas,Phù Mỹ,1/30/1985,M,811 Acker Court
Clackson,Orson,Laocheng,8/24/1995,M,
Jeness,Rina,Kungshamn,5/15/1997,F,
Tripony,Pieter,Yara,1/6/1987,M,
Jennison,Christyna,Ngerengere,1/22/1991,F,3 Haas Crossing
Buntin,Harriet,Zlín,3/25/1983,F,
Caswell,Scottie,Nong Khae,9/17/1991,M,
Hordell,Olly,Bungalaleng,5/5/1985,F,149 Eggendart Pass
Syddon,Spense,Roermond,3/20/1998,M,
Rheam,Honey,Karanglo,4/1/2000,F,
Bater,Junia,Kinna,4/2/2000,F,
Beckford,Augustina,Ximapo,5/15/1984,F,7 5th Circle
Huller,Danice,Khŭjand,12/29/1999,F,
Belhomme,Lowell,Al Maşdūr,12/1/1988,M,
MacKilroe,Binni,Baytā al Fawqā,1/11/1990,F,
Milthorpe,Trenton,Remscheid,10/31/1994,M,
Twentyman,Niall,Brušperk,3/2/1998,M,
Jorgensen,Trumann,Bašaid,2/3/1991,M,
Linay,Durward,Carmen,9/17/1988,M,
Melanaphy,Ealasaid,Daba,7/23/1998,F,01 Nelson Pass
Bramwich,Titus,Mórrope,5/7/1989,M,
Boath,Tobiah,Pulosari,7/12/1997,M,18201 Tennessee Drive
Sussems,Monty,Nijmegen,4/7/1983,M,
Dutteridge,Grethel,New York City,8/30/1994,F,
Silverstone,Ab,Bayanbulag,11/18/1996,M,8 Lyons Trail
Risbridge,Edwina,Castanheira do Campo,12/8/1995,F,
Caldeiro,James,Jincang,10/6/1982,M,
Humber,Cooper,Lanpelan,5/17/1995,M,
Heinssen,Shurlocke,Hannover,11/19/1991,M,
Bustard,Dino,Estacion,12/8/1984,M,
Bortolozzi,Rebecca,Yefimovskiy,1/25/1991,F,
Marusik,Leighton,Gornyy,6/3/1994,M,
Hobbert,Craig,Shigu,5/12/1985,M,56144 American Ash Place
Yallowley,Orsa,Losari,5/4/1991,F,
Ribey,Cecil,Pangkalan,5/5/1989,M,33 Dayton Place
Hannaford,Koren,Cemplang,11/20/1994,F,
Ansill,Wallie,Yushan,2/14/1989,M,71 Oak Street
O'Fairy,Carroll,Penhold,1/14/1992,F,
Ortega,Itch,Siparia,3/28/1992,M,
Blore,Catarina,Huangshapu,7/29/1995,F,
Crose,Pacorro,Tanggung,3/6/1999,M,
Trollope,Barbette,Mahébourg,4/9/1988,F,
Pocknoll,Lethia,Garango,8/3/1996,F,
Sidden,Nolly,Longmen,12/22/1998,M,
Rawsen,Matty,Hyattsville,2/5/1988,M,
Di Bernardo,Jsandye,Antofagasta,9/20/1988,F,
Lippingwell,Bendick,Qingyang,5/27/1995,M,
Dachey,Birch,Göteborg,6/15/1996,M,
Whettleton,Emmit,Lela,7/14/1983,M,
Liccardo,Gwendolin,Guangpu,4/7/1984,F,
Basten,Garnette,Hamanoichi,3/12/1995,F,
Rodolfi,Eberhard,Bongao,12/25/1999,M,
Laite,Joshua,Shuidun,5/15/1986,M,
Sheircliffe,Shannon,Örebro,3/3/1988,M,
Willoway,Horatius,Krajan Dua Padomasan,5/28/1991,M,
Swinfon,Dorree,Songjiang,10/12/1993,F,97927 Caliangt Drive
Barnsdale,Terri,Quatro Barras,10/20/1992,M,27818 Valley Edge Lane
Bramah,Cammy,Volnovakha,2/17/1989,M,
Spohr,Selene,Puyuan,9/10/2000,F,
Marrett,Aubine,Włoszakowice,9/2/1995,F,
Meynell,Hynda,Fortaleza,10/5/2000,F,
Dulanty,Ev,Jikamshi,5/29/1993,M,88 Carioca Hill
Caswell,Bailey,Al Qanāyāt,3/31/1982,M,
Williscroft,Burlie,Nusaherang,2/4/1988,M,2 Mccormick Plaza
Buske,Shelley,Pawa,2/13/1994,M,
Mycock,Redford,Huddinge,10/9/1992,M,
Uttridge,Audrye,Manonjaya,12/2/1990,F,
Yeats,Carolynn,Villach,11/30/1996,F,
Topper,Blancha,Parigi,8/11/1988,F,
Wanstall,Dale,Rawaapu,11/26/1997,M,
MacCahey,Vally,Yaransk,5/28/1989,F,36 Cascade Court
Ailsbury,Hagen,Tam Kỳ,3/5/1983,M,
Lanahan,Vernon,Salavan,12/18/1984,M,
Pembridge,Archibaldo,Qujing,3/3/2000,M,
Leachman,Fran,Vapnyarka,11/12/1984,F,
Wilde,Gill,Banovo Polje,7/26/1991,F,023 Havey Point
Nother,Vincent,Xindong,5/4/1982,M,
Mobley,Bambi,Zhen’an,10/22/1995,F,
Poynton,Earle,Montpellier,6/18/1985,M,
Martignoni,Franciskus,San Miguel,12/19/1997,M,
Dellar,Junia,Victoria West,6/14/1993,F,
Goning,Tessie,Nusajaya,11/6/1983,F,0 Northport Hill
Fishley,Leonard,Rūjayb,10/9/1985,M,231 Merrick Avenue
Yakebovitch,Horatio,Oslo,2/27/1986,M,
Kinsett,Gerri,Glempang Tengah,5/6/1993,F,5576 Loomis Crossing
Dankersley,Ruddy,Tambaksari,1/17/1985,M,
Addlestone,Rufe,Belo Oriente,2/17/1987,M,
Dechelette,Rivalee,Novoanninskiy,4/7/1983,F,37944 Moland Hill
Curtain,Weston,Ebebiyin,12/2/1999,M,
Reap,Ogdon,Shigu,2/9/1984,M,3262 Eagle Crest Trail
Vinick,Emelina,Houjiachuan,8/24/1994,F,56 Shopko Drive
Gummer,Aundrea,Gunung,8/19/1991,F,
Brabbs,Augustus,Corcuera,12/1/1995,M,
Clough,Shirline,Solânea,10/4/1984,F,79262 Duke Drive
Cardo,Lionello,Sadahayu,12/30/1997,M,
Sansun,Christyna,Wenceslau Braz,2/26/1989,F,
Perllman,Kaiser,Regueiro,5/13/1993,M,
De Blasiis,Kerwin,Nehe,7/28/1989,M,
Puckinghorne,Quincy,London,12/18/1996,M,3503 Daystar Alley
Loads,Derrek,Kanshi,12/13/1991,M,
Richardet,Teodoro,Verkhniy Kurkuzhin,12/22/1983,M,
Wevell,Gloriane,Vestmannaeyjar,6/29/1992,F,
Giveen,Marve,Végueta,11/6/1996,M,50 Spaight Pass
Stiven,Alia,Butiá,12/28/1997,F,2563 Heath Center
Attaway,Rollo,Krzeszów,10/5/1985,M,0 Sullivan Plaza
Djakovic,Celka,Xiaba,4/17/1994,F,
Froggatt,Sayre,Jianxin,11/4/1996,M,7 Mayer Crossing
Merali,Garv,Malabag,8/24/1983,M,
Rubinchik,Yale,Ajaccio,7/24/2000,M,
Keary,Neille,Plomárion,3/2/1990,F,0 Commercial Drive
Strange,Dermot,Inicbulan,11/16/1990,M,
Hitcham,Hans,Payabon,1/7/1990,M,
Meatyard,Welsh,Santa Cruz do Rio Pardo,8/22/1994,M,
Hansill,Madlen,Argostólion,11/7/1992,F,
Abrehart,Gilles,Baixi,5/27/1999,M,2131 Sloan Hill
Wadman,Phineas,Lukolela,11/21/1999,M,
McDarmid,Florella,Wenquan,6/3/1996,F,
Mapston,Drucie,Xinbao,8/5/1997,F,
Lyfield,Flo,Habo,4/11/1998,F,
Summerley,Jaine,Pompéia,3/7/1987,F,
Angliss,Veda,Baton Rouge,5/29/1996,F,
Kinane,Cosette,Santa Maria Oliveira,7/17/1992,F,0235 Pearson Junction
Witz,Alexandros,Balbalan,4/2/1991,M,
Conahy,Arlyne,Slobodka,1/5/1991,F,
Ferebee,Norton,Obo,1/25/1994,M,
Newlyn,Peadar,Bone South,1/30/1989,M,
Garaway,Rodolphe,Tucumã,8/16/1999,M,636 Elka Center
Ruegg,Chrissie,Jianshan,3/20/1983,F,
Parlet,Nissie,Wudabao,10/4/1987,F,
Laite,Billy,Ocampo,8/2/2000,M,
Acreman,Rochell,Gračanica,2/24/2000,F,71442 Delladonna Lane
Brownsell,Carleen,Serra D'El Rei,8/22/1991,F,
Leonida,Deloria,Baozhu,5/1/1993,F,2 Spohn Junction
Hold,Berny,Kōnan,1/31/1991,M,
McKea,Ondrea,Goryachevodskiy,4/29/1983,F,1 Lakewood Drive
Tatlow,Rowan,Qaryūt,7/20/1984,M,
Brickhill,Avictor,Taifu,1/29/1992,M,2 Mallory Court
Carson,Letti,Ostrov,1/24/1987,F,76 Pine View Parkway
Mallison,Chrystel,Qidi,12/5/1997,F,346 Carberry Circle
Amy,Tina,Oshnavīyeh,9/4/1985,F,
Burrett,Gram,Wuku,11/9/1992,M,7364 Mendota Court
Maynell,Daryl,Barão de São Miguel,1/31/1984,F,
Casillas,Penny,Créteil,11/17/1987,M,
Assaf,Angelita,Kosh-Agach,5/25/1997,F,
Rowthorn,Berget,Mölnlycke,10/6/1996,F,
Pasley,Lanie,Huping,3/4/1998,F,04465 Spohn Hill
Teese,Rena,Wencheng,8/5/1990,F,
Adshed,Sharlene,Gebang,5/26/1998,F,
Dooly,Dorotea,Sukamaju Kidul,3/5/1996,F,86538 Gale Alley
Wickardt,Irma,Kediren,11/25/1988,F,03099 Hermina Circle
Henkmann,Gipsy,Xichuan,6/24/1991,F,12727 Autumn Leaf Avenue
Wellbelove,Giusto,Albania,9/1/1987,M,
Cobbledick,Melisenda,Balangpule,12/4/1986,F,1 Monterey Point
Osgorby,Harrietta,Hartford,4/4/1983,F,
Robins,Flynn,Centre de Flacq,6/24/1997,M,
Ablott,Amye,Gangmei,5/29/1984,F,0058 Jay Terrace
Jordanson,Chelsea,Liulin,1/16/1992,F,9 Acker Terrace
Joerning,Correna,Lincoln,4/30/1995,F,
Ravenscroftt,Arielle,Ketapang,6/12/1988,F,82285 Bartelt Lane
Mil,Clevey,Platagata,5/10/1990,M,
Lillecrop,Laughton,Ulbroka,3/5/1998,M,
Marchbank,Tamara,Campo Verde,7/28/1989,F,22732 Lakewood Gardens Parkway
Woolvett,Maxim,Qozonketkan,2/18/2001,M,
Manners,Nessy,Estreito Câmara de Lobos,9/9/1984,F,
Ecles,Fulton,Anyar,12/17/1996,M,
Zannotti,Rhody,Karanganyar,1/22/1983,F,285 Warrior Parkway
Swadling,Gloria,Carmen de Viboral,2/12/2000,F,00 Hudson Crossing
Deare,Carroll,Birmingham,3/31/1983,F,
Sayse,Ibby,Misungwi,8/21/1987,F,
Groucock,Talbert,Kuala Terengganu,7/13/1983,M,
Menichi,Andrea,Pajić Polje,10/24/2000,F,
Davson,Andree,Mersa Matruh,8/6/1991,F,
Apple,Sadye,Kongsvinger,10/15/2000,F,
Pescott,Bernardine,Idvor,8/18/1993,F,
Biaggetti,Jayme,Bhadrapur,4/17/1997,M,
Jarmyn,Korney,Bangjun,7/10/1994,F,95964 Nancy Court
Mahy,Jakie,Roanoke,6/13/1995,M,
Vila,Christyna,Bendosari,3/13/1986,F,
Goaley,Rose,Älvsjö,4/9/1989,F,
Izkovitch,Carolyne,Tanjung Pandan,10/27/1994,F,
Silber,Jasper,Prislonica,3/29/1984,M,
Mangeot,Brandon,Bokor,1/2/1987,M,02 Annamark Center
Partkya,Aleda,Sufang,9/2/1983,F,
Winsper,Lance,Bov,5/27/1999,M,
Farfoot,Laryssa,Stobreč,4/25/1984,F,
MacShirie,Charley,Nyzhnya Krynka,4/20/1986,M,
Symons,Hubie,Gakem,7/4/1991,M,
Lemary,Cayla,Gombangan,3/14/1993,F,
Reese,Farrel,Yëlkino,5/2/1992,M,38 Shopko Circle
Comer,Gal,Oebaki,1/3/1986,M,
Prescote,Ogden,Quimistán,10/3/1987,M,
Dorn,Gaultiero,Daming,11/16/1990,M,
Icom,Othello,Syanno,1/26/1991,M,
Askell,Sargent,Tigaon,1/14/1995,M,
Flaxon,Tabby,Severnyy,2/11/1992,M,0 Sundown Point
Danne,Morrie,Andop,12/22/1990,M,
Lorryman,Putnam,Nynäshamn,11/5/1986,M,63630 Rieder Pass
Twoohy,Kipp,Kuala Lumpur,5/31/1987,F,
Gerriessen,Walt,Hornówek,12/1/1991,M,4931 Bartillon Terrace
McArt,Phillie,Masaki-chō,7/2/1994,F,
Sides,Mikey,Větřní,9/28/1995,M,46147 Kennedy Crossing
Lowde,Bernardine,Saint-Grégoire,11/22/1993,F,
Faas,Margy,Oitui,1/20/2001,F,9937 Transport Pass
Grestie,Jeffie,Mensalong,6/17/1990,M,11293 Basil Trail
Khomich,Karoly,Longxian Chengguanzhen,1/11/1994,M,
Tindley,Bevvy,Stavanger,5/10/1995,F,
Rama,Dayle,Luthu,12/30/1995,F,853 Corscot Drive
Walentynowicz,Rosamond,Santa Brigida,7/1/1995,F,
Fawthorpe,Jasmine,Nanshi,1/26/1994,F,
Ertelt,Morten,Umanggudang,11/10/1988,M,
Grunnell,Cassandry,Cocachacra,11/16/1997,F,28327 Golf View Crossing
Lawrinson,Candra,Ermelo,8/24/1995,F,
Getcliff,Gayleen,Plagiári,1/5/1988,F,
Bryenton,Iago,Omu Aran,9/30/1997,M,
Elford,Warren,Cabalaoangan,5/10/1997,M,
Arnaez,Stuart,Brześć Kujawski,12/29/1985,M,
Bernardeschi,Faustina,Sens,6/20/1994,F,57 Pepper Wood Way
Wilbore,Clemmie,Rat Burana,6/9/1998,M,
Eastment,Rriocard,Cibeureum,9/28/1982,M,
Syddon,Brandy,Kawanishi,8/12/1997,M,
Ditch,Angelle,San Pedro,8/28/1983,F,
Gilson,Danyelle,Vihti,8/30/1982,F,
Seine,Rossy,Le Mans,11/27/1996,M,05 Waywood Lane
Moulton,Estel,Trzcinica,12/8/1988,F,455 Orin Drive
Obal,Jodi,Thị Trấn Tủa Chùa,10/17/1991,M,
Edsell,Wynn,Örebro,1/9/1985,M,
Walczynski,Vicki,Melrose,7/23/1996,F,0655 Muir Street
Gaythwaite,Tabina,Tanggan,12/19/1997,F,402 Scott Terrace
Phittiplace,Rene,Neftçala,5/25/1995,F,
Brazear,Blythe,Muskegon,8/16/1992,F,
Orridge,Yanaton,Rybczewice,8/20/1985,M,
Newlove,Doris,Sidoaji,9/22/1995,F,
Fetherstone,Stacy,Henglin,12/14/1998,M,
Hazelton,Webb,Alto Barinas,11/7/1996,M,
Leipelt,Lori,Portland,1/22/1996,F,
Simounet,Hinda,Uinskoye,11/29/2000,F,
Dewdney,Clarine,Huangwei,7/23/1994,F,
Trimnell,Felic,Guia,10/27/1997,M,89116 Summer Ridge Court
Studders,Kalina,Jeminay,1/21/1993,F,
Pancoust,Rani,Rawawilis,7/18/1985,F,
Kurten,Purcell,Fada N'gourma,9/16/1994,M,
Goseling,Lind,Carmen,4/21/1998,M,
Piola,Alicia,Stratónion,3/31/1986,F,
Fewell,Bevon,Matango,7/20/1998,M,
Clowney,Ortensia,Contramaestre,11/30/1989,F,
Culwen,Karrie,Valera,5/12/1996,F,4 Nevada Drive
Fenlon,Kerrin,Barrosas,8/10/1985,F,
Orts,Harvey,Zhangcheng,5/10/1990,M,
Steven,Ynes,Takahama,11/18/1987,F,352 Toban Park
Crocetto,Kelsy,Klutuk,6/2/1997,F,
Ferminger,Gillie,Hwasun,8/23/1998,F,
Dolohunty,Nickola,Pita Kotte,10/27/1989,M,
Ivanin,Daloris,Palaífyto,1/29/1993,F,
Duffield,Valma,Yuping,10/5/1988,F,
Bruyns,Seumas,Sukasetia,7/11/1996,M,
Meegan,Travers,Pontevedra,1/22/2001,M,
Coghill,Thane,Wojaszówka,1/5/1986,M,6908 Meadow Ridge Point
Lepere,Desmund,Memphis,7/22/1995,M,
Riccetti,Freeland,Andir,4/1/1993,M,
Zamora,Suzanne,Bonpland,10/5/1998,F,
Rosevear,Roseann,Okaya,8/19/1984,F,02225 Gina Point
Gunthorpe,Avivah,Tondabayashichō,3/18/1995,F,27 Gateway Street
Mundow,Clair,Kafr az Zayyāt,7/7/1996,F,
De Vuyst,Hew,Pastores,2/19/1994,M,86826 Hoard Park
Muckart,Fidole,Ciguha Tengah,3/20/1987,M,
Boultwood,Evered,Hongwŏn,11/30/1983,M,7 Stang Parkway
Children,Ave,Valerik,6/5/1987,M,99 Kropf Plaza
Benitti,Mendie,Fotolívos,8/6/1995,M,4029 Chive Alley
Chittey,Urbano,Stará Paka,9/5/1986,M,8 Bayside Pass
Dessant,Uriel,Avellaneda,9/21/1992,M,
Wade,Lilian,Uzlovaya,2/16/2000,F,7974 Springview Lane
Mithan,Laurent,Nal’chik,9/19/1989,M,
Menloe,Jena,Cibunar,12/11/1987,F,8025 Texas Junction
Mailes,Arnie,Orly aérogare,10/16/1989,M,28 Monica Pass
Martelet,Auguste,Korhogo,11/6/1986,F,
Rozzier,Melisent,Baisangguan,6/13/1996,F,0 Lukken Way
Dacre,Christoph,Cerrillos,6/27/1988,M,
Castellan,Henri,San Francisco,6/2/1997,M,
Ochiltree,Leigh,Erqu,5/19/1989,F,
Jamary,Barthel,Nadi,9/27/1982,M,
Broscombe,Damara,Santiago Puringla,10/11/1996,F,
Reding,Sylvan,Louiseville,7/22/1986,M,
Denisot,Kristien,Pho Duc,6/27/1998,F,
Planque,Elfrieda,Daniëlskuil,5/8/1982,F,
Sea,Claybourne,Pasirmukti,12/20/1984,M,
Oke,Otto,Thị Trấn Mường Lát,1/4/1983,M,
Copas,Noll,Richmond,12/27/1982,M,
Starmore,Bradney,Raffingora,1/13/1993,M,841 Milwaukee Junction
Scottini,Janis,Nong Don,9/30/1996,F,4 Judy Place
Ely,Parke,Lushikeng,10/7/1991,M,
Hadleigh,Cornelia,Baizhong,5/4/1999,F,24 Annamark Terrace
Starrs,Tonnie,Erandique,4/1/1991,M,
Ansteys,Sidnee,Vimmerby,7/4/1989,M,
Fright,Catlee,Cikarang,2/25/2001,F,
Bermingham,Olivette,Shah Alam,6/28/1983,F,
Gianolo,Kordula,Maba,5/31/1982,F,
Toulson,Bonnibelle,Okulovka,11/20/1999,F,56063 Russell Way
Boxell,Cassey,Xiaoshiqiao,2/11/1996,F,
Dumbare,Alisander,Bagadó,7/14/1996,M,
Smitheram,Dalis,Bender,6/7/1983,M,
Burkill,Arlan,Medellin,8/17/1982,M,
Chestnutt,Peterus,Aradac,6/19/2000,M,
Bolter,Donetta,Socorro,3/26/1986,F,5605 Summerview Park
Ivanets,Hermia,Bouaflé,11/16/1999,F,
Bustin,Al,Monte Novo,5/26/1991,M,
Crooke,Rodrigo,Tabonok,8/18/1987,M,
Welbrock,Berky,L'Épiphanie,1/11/1983,M,
Osgardby,Brendan,Ashley,9/2/1999,M,48498 Debra Junction
Kinlock,Virginie,Cockburn Town,4/20/1991,F,
Heningham,David,La Dorada,1/16/2000,M,
Giovannacci,Alexis,Margacina,3/28/1998,M,9 Macpherson Avenue
Gemmill,Dun,Jawatiwa,6/9/1982,M,354 Del Mar Plaza
Kyd,Dionysus,Cabimas,12/11/1995,M,68481 Lakeland Alley
MacAscaidh,Halette,Montecarlo,12/5/1987,F,
Vevers,Janka,Canha,3/20/1999,F,
McDowall,Bonni,Guadalupe Victoria,8/24/1984,F,
Mennear,Luther,Lupon,1/30/1988,M,
Jent,Hana,Promna,1/30/2001,F,
Beaven,Chryste,Rokietnica,2/11/1992,F,
Walbrun,Michel,Trawniki,3/10/1993,F,
Spitaro,Stafford,Bungalaleng,11/19/1985,M,
Northeast,Felice,São Miguel do Iguaçu,3/13/1984,F,
Pawson,Wittie,Moss,11/21/1985,M,9 Mockingbird Crossing
Swinn,Yves,Proletarsk,3/12/1998,M,
Lytell,Nelson,Nanganumba,8/10/1995,M,
Beining,Hanna,La Unión,11/10/1983,F,
Canti,Stafford,Vällingby,3/22/1991,M,
Brussels,Arleyne,Barcelona,11/14/2000,F,303 Gina Avenue
Fotheringham,Reuven,Calvaria de Baixo,12/20/1984,M,8 Heath Lane
Limpenny,Emilia,Wuxiang,7/5/1987,F,890 Ludington Point
Crame,Katleen,Sennoy,6/7/1988,F,
Schottli,Aurelie,Gaplokan,8/29/1988,F,
Beange,Rickie,Suqu,8/30/1982,M,97046 Debra Alley
McPartling,Ophelie,Övertorneå,7/17/1986,F,
Peller,Nappie,Andrijevica,10/16/1992,M,
Tarzey,Lynn,Lazi,11/27/1987,M,
Gardiner,Louise,Vylkove,10/21/1985,F,
Demeza,Bale,Guanshan,3/14/1999,M,
Ribchester,Trudy,Talanga,3/23/1982,F,
Trevains,Bari,Sindangan,5/11/1985,F,
Gadsby,Javier,Menzel Bourguiba,10/9/1983,M,0812 Pierstorff Center
Kelshaw,Cecelia,Ochakovo-Matveyevskoye,5/11/1989,F,
Berrane,Dita,Zhangzhishan,4/1/1992,F,
Minchinden,Sherri,Oliveira de Frades,6/22/1995,F,4921 Lotheville Court
Caldroni,Merl,Xiyuan,2/21/1984,F,
Tax,Jeffry,Baunu-Timbangan,4/26/1986,M,
Averies,Sissy,Shanhou,5/24/1984,F,
Coldham,Benji,Kamwenge,1/17/1998,M,
Gerg,Wanda,Sipoholon,2/10/1986,F,1 International Pass
Aireton,Matthew,Baltimore,2/10/2000,M,
Shorie,Ainslie,San Francisco de la Paz,4/8/1985,F,
Lambdin,Carey,Gaigeturi,11/10/1997,M,
Fulford,Humfrey,Amparafaravola,11/24/1984,M,
Kadwallider,Lizzie,Sikasso,12/23/1984,F,
Ashard,Cullie,Minbu,7/7/1998,M,
Stillmann,Gerry,Horki,8/14/1999,M,
Offield,Delly,Mapalacsiao,7/6/1984,F,7632 Clarendon Way
Joron,Werner,Xilu,9/12/1989,M,
Dicte,Reagan,Ifanadiana,6/10/1995,M,
Dalrymple,Torrin,Saguing,1/17/2001,M,
Carwithim,Katinka,Al Khāniq,1/1/1988,F,
Kenefick,Dyana,Bajiao,1/17/1986,F,
Ajsik,Darsie,Waepau,10/25/1989,F,
Oxteby,Hester,Hanggan,10/2/1997,F,
Adelman,Carlo,Kremenki,6/9/1992,M,
Girardin,Yorke,Belos Ares,7/14/1997,M,9458 Heath Street
Pinnigar,Ema,Smolyaninovo,1/15/1996,F,
Bearfoot,Rene,Boxholm,6/11/1982,F,8 Mockingbird Junction
Helbeck,Rolf,Boliney,2/5/1997,M,
Kitman,Tandi,Trbovlje,6/15/1998,F,6 Mallory Pass
Rings,Carey,Aigínio,12/12/1999,F,90 Sunbrook Crossing
Nusche,Keary,Concordia,5/28/1994,M,
Fallows,Esdras,Ndwedwe,11/13/1997,M,
Jonson,Jeromy,Gaocang,3/4/1990,M,507 Spaight Center
Oxenford,Helenka,Piterka,4/16/1987,F,
Domoni,Crawford,Cochrane,7/24/1996,M,
Billingham,Xavier,Silver Spring,2/8/1992,M,150 Butterfield Point
Ashfull,Keefer,Marcos Juárez,7/22/1999,M,
Ricardin,Gerri,Dallas,11/12/1989,F,350 Katie Park
Vigietti,Humphrey,Araucária,6/24/1998,M,
Drohan,Sharyl,Mariestad,12/16/2000,F,
Filippyev,Arni,Khirbat Tīn Nūr,7/13/2000,M,
Enright,Henrietta,Solana,2/25/1999,F,
Breakey,Hill,Little Current,3/6/1999,M,
Hanbridge,Trumann,Douane,10/25/1995,M,3 Ludington Junction
Addeycott,Pedro,Scranton,9/20/1998,M,769 Dawn Pass
Bampkin,Erskine,Batallas,12/27/1987,M,
Colenutt,Arnoldo,Sandweiler,8/16/1999,M,
Stranieri,Emlyn,Pacanga,11/16/1988,M,
Haggath,Cosimo,Stara Błotnica,1/24/2000,M,
Seine,Lodovico,Sanxi,3/7/1985,M,
Woolway,Thorin,Trảng Bom,8/7/1986,M,
Taye,Holly,Sukawaris,11/30/1987,F,
Orrock,Cesya,Sohag,12/29/1990,F,
Touson,Billy,Babakan Baru,8/5/1995,M,1341 David Pass
Wroe,Esdras,Zakhim,5/13/1995,M,
Pickring,Carolan,Khanu Woralaksaburi,6/22/1987,F,26 Glacier Hill Trail
Plumb,Gav,Khlevnoye,5/2/1999,M,
Jamblin,Granny,Angadanan,7/27/1987,M,
Olrenshaw,Krystalle,Nalbandyan,7/17/1998,F,
Mingaud,Neale,Neftobod,2/15/1999,M,
Hansford,Rich,Danilov,6/6/1998,M,
Speer,Judas,Las Heras,3/9/1998,M,
Burleigh,Germaine,Jakusko,4/2/1989,M,
Pisculli,Delores,El Paso,4/12/1994,F,23164 Harbort Trail
Shitliffe,Doro,Bratislava,4/29/2000,F,
Cowley,Gordy,Gusev,6/7/1985,M,
Shailer,Thain,Kinna,2/6/1986,M,7491 Butterfield Pass
Brumfield,Sherwin,Kassel,11/28/1991,M,
Vowdon,Dewitt,Xilai,11/20/2000,M,
Belderfield,Kristopher,Jönköping,4/15/1983,M,
Fettes,Glenn,Shanling,6/27/1985,F,1203 Trailsway Road
Novkovic,Lambert,Haizigou,10/31/1985,M,23327 Waywood Avenue
O'Lyhane,Logan,Karney Shomron,2/19/1999,M,
Gascar,Linette,Kladi,5/31/1994,F,9942 Stone Corner Hill
Ewing,Anny,Zyukayka,9/4/1984,F,
Hailes,Winny,Knivsta,7/17/1983,F,33844 Toban Street
deKnevet,Hercule,Navashino,12/3/1991,M,906 Bowman Crossing
Handke,Mendy,Shimorskoye,6/23/1993,M,
Gostage,Morie,Pianbai,11/21/1993,M,
O'Lyhane,Toby,Pembroke,7/15/1992,F,
Higgen,Eleonora,San Lucas Tolimán,1/31/1996,F,
Summerley,Berkie,Sapol,4/15/1990,M,8165 Center Junction
Jenk,Gilbertina,Wuling,3/16/2001,F,
Tadman,Adrea,Goiatuba,8/21/1989,F,
Bridge,Odelle,Siuna,6/24/1989,F,
Macconaghy,Doris,Mpika,5/5/1995,F,53365 Petterle Alley
Yukhnov,Kip,Tame,4/15/1995,M,
Amaya,Jojo,Diapaga,3/15/1995,F,
Thecham,Gregory,Champigny-sur-Marne,9/10/1992,M,130 Havey Junction
Bruff,Edouard,Zhuangbu,1/15/1991,M,
Stolle,Phil,Laspezia,7/10/1985,F,
Thurgood,Allene,Londiani,6/15/1991,F,2319 Crest Line Avenue
Fist,Marylinda,Badou,1/6/1994,F,
Marchant,Benni,Sokolniki,2/19/2001,F,324 3rd Drive
Logie,Howard,Alapayevsk,1/31/1991,M,52 Rieder Lane
Druce,Christy,Helmsange,1/27/1988,F,
Dinsey,Timofei,Junín,6/17/1997,M,
Lehemann,Janene,Agidel’,9/27/1986,F,
Melato,Zora,Nagorsk,3/11/1984,F,7 Raven Crossing
Lythgoe,Cherrita,Boisbriand,5/12/1995,F,
Bullin,Vivien,Cova Figueira,7/6/1983,F,
Coldridge,Glenna,Duang,2/20/1990,F,
Bielby,Free,Wanhu,2/22/1987,M,
Kores,Agace,Jinsheng,7/31/1991,F,
McAvaddy,Noah,Koumra,3/20/1985,M,216 Mariners Cove Crossing
Greeding,Chicky,Longcheng,5/24/1987,F,62460 Merry Pass
Dusting,Wanids,La Guacamaya,11/1/1982,F,
Cussins,Miran,Ndibène Dahra,8/19/1997,F,76 Jenifer Circle
Petley,Danny,Agios Dimitrios,8/27/1986,F,
Falla,Johny,Ainaro,3/1/1993,M,
Hawford,Vilma,Yaypan,5/16/1995,F,
Tinmouth,Shanda,Tempeh Tengah,4/4/1994,F,999 Susan Crossing
Tenney,Reilly,Calaoagan,1/7/1993,M,
Buddleigh,Fletcher,Ganné Tiqwa,10/5/1998,M,4 Garrison Point
Mayoh,Neddy,Shuangyuan,8/27/1988,M,
Ferrarone,Nappie,Kamienna Góra,3/19/1984,M,97735 Roxbury Road
Benit,Joelle,Rennes,12/24/1987,F,
Reckus,Jodee,Kokubunji,7/3/1999,F,4498 Lotheville Drive
Bertelet,Melodee,Haczów,10/3/1984,F,222 Lakewood Point
Hegden,Damara,Salaš Crnobarski,10/21/1994,F,
Clemens,Arlin,Vagney,9/21/1983,M,
Shah,Carlee,Zhantang,12/14/1986,F,
Picton,Alyda,Roioen,1/29/2000,F,
Rableau,Ignazio,Sredniy,2/5/1992,M,43049 Hayes Trail
Butchers,Liv,Sumbermanggis,3/20/1988,F,
Flatley,Vivianna,Bezerros,9/10/1985,F,
Viall,Carmelle,Rassvet,11/22/1982,F,
Babbe,Meade,Old Harbour Bay,3/13/1985,M,2171 Buena Vista Pass
Viollet,Alan,San Antonio,4/5/1994,M,7 John Wall Road
Gendrich,Jens,Oslo,4/12/1999,M,
Chattoe,Minerva,Zhouling,8/13/1989,F,
Manuely,Sara-ann,Enskede,5/25/1996,F,
Quince,Colby,Garoua Boulaï,12/26/1983,M,
McGrady,Tori,Asahi,1/17/1992,F,
Mollnar,Lia,Geji,10/1/1996,F,
Cuniffe,Ephrayim,Xihe,7/17/1985,M,
Louden,Tabb,Ulricehamn,9/12/1995,M,
Drage,Vonnie,Dalsjöfors,11/17/1983,F,
Hollows,Dee dee,Bergen op Zoom,7/11/1988,F,
Robertson,Roseanne,Kozhva,3/1/1998,F,460 Colorado Place
Meadowcroft,Thaxter,Belung Satu,6/16/1987,M,5658 Pearson Street
Kenyon,Paco,Kleszczów,11/4/1982,M,
Kirkman,Giffer,Göteborg,11/27/1982,M,
Pavis,Jeanelle,Imotski,11/23/2000,F,
Fountian,Gauthier,Xiaba,9/2/1983,M,2 Golf Street
Berendsen,Lesley,Bakungan,5/21/1986,M,
Haberjam,Hedwiga,Kaédi,7/11/1999,F,
Orsay,Erin,Kimaam,8/7/1990,M,403 Fieldstone Plaza
Dearle,Hussein,Norberg,6/5/1992,M,852 Barnett Center
Towle,Stephine,Catalina,3/16/1984,F,
Remer,Shermy,Portela,12/19/1984,M,09 Graedel Park
Hallewell,Barnie,Corona,3/21/1992,M,
Eltun,Roxanna,Nanping,4/25/1985,F,
Juliff,Murray,Dipayal,9/27/1992,M,
Trotton,Ricky,Asheville,1/19/1991,M,
Johantges,Evanne,Černá Hora,3/3/1990,F,
Enocksson,Heidi,Fushan,4/24/1986,F,
Widmoor,Dulcie,Mo I Rana,11/21/1993,F,
Athy,Fraser,Moroni,11/9/1995,M,
Gobolos,Abbie,Çlirim,5/3/1998,F,
Hansom,Kalle,Blizne,3/5/1989,M,
Drowsfield,Hanan,Infantas,9/22/2000,M,
Hoggins,Abbot,Mangaratiba,2/28/1987,M,
Doole,Cornelius,Paraty,10/18/1989,M,
Wimlett,Lief,Allacapan,4/2/1986,M,
Huerta,Gram,Kyosai,9/11/1990,M,31443 Vernon Crossing
Marns,Bernarr,Gryaznovskoye,9/17/1991,M,
Meriet,Lucius,Mętków,8/20/1997,M,
Robinett,Bartram,Shimokizukuri,11/23/1990,M,
Aristide,Addi,Stockholm,6/15/1993,F,
Brosini,Brittney,Malikisi,8/12/1994,F,
Beaument,Durante,Jām Sāhib,5/28/1989,M,342 Hooker Plaza
Veltmann,Zorana,Amangarh,2/9/1987,F,
Trevaskus,Ingaborg,Hausjärvi,3/20/1990,F,
St. Quintin,Myrlene,Dubinino,12/28/1985,F,
O'Hannen,Doralynn,Neglasari,12/19/1989,F,
Beau,Rosene,La Fortuna,7/29/1982,F,
Featherston,Teodoor,Sidi Bouzid,7/14/1983,M,0503 Pawling Alley
Stuttman,Alastair,Chambray-lès-Tours,4/18/1991,M,
Badder,Gnni,Mar’’ina Horka,7/12/1997,F,
Bloxam,Branden,Rasskazovo,7/9/1986,M,
Brodest,Huey,Rejowinangun,11/29/1986,M,
Sutterfield,Angy,Uba,8/30/1985,F,
Aberdein,Hyacinthe,Tame,7/12/1990,F,
Muzzini,Pepe,Gorichevo,7/3/1992,M,
Forson,Uriah,Nurlat,3/6/1999,M,
Stockwell,Jane,Kalāt-e Nāderī,4/20/1988,F,
Wellbelove,Kailey,Casal Novo,2/7/1984,F,
McBrier,Lil,Wattala,2/7/1986,F,
Purnell,Benedick,Piekielnik,4/3/1992,M,
Jowle,Celie,Aboisso,4/4/1994,F,
Wintringham,Collie,As Samawah,3/13/1995,F,
Pinnock,Esdras,Tarxien,5/31/1988,M,
Stock,Rory,Jiucaizhuang,12/23/1998,M,
Swinglehurst,Keen,Novi Kneževac,1/10/1986,M,969 Valley Edge Circle
Skinley,Barclay,Hastings,11/21/1983,M,
Rassell,Dev,Tursunzoda,1/18/1995,M,
Tybalt,Raleigh,Utrecht (stad),6/19/1983,M,9 Fairfield Place
Toft,Hildegarde,Nilanapo,11/18/1990,F,58127 Knutson Crossing
McCome,Manda,Zhouyuan,5/7/1986,F,
Tomes,Juliette,Gaoua,12/24/1996,F,
Rodriguez,Nicolai,Alajuelita,8/31/2000,M,
Freiberg,Sabra,Krajan Dua Dawuan Wetan,8/2/1992,F,
Townsend,Betteanne,Tiantai Chengguanzhen,6/20/1983,F,51 Pierstorff Alley
Thickin,Lani,Kolor,8/28/1998,F,
Tucknott,Fairlie,Independencia,4/26/1996,M,
Christall,Kent,Kebonsari,3/19/1986,M,
Timmins,Dasha,Bílina Kyselka,5/11/1987,F,546 Utah Lane
Burchfield,Sharity,Los Fresnos,8/25/1990,F,
Pinniger,Audi,Wenceslau Braz,12/27/1989,F,
Kerbey,Hildagard,Miura,10/9/1984,F,912 Carey Place
Milksop,Thatch,Licun,12/11/1993,M,
Curneen,Chantalle,Wenfu,1/11/2000,F,
Abdy,Marcie,Formiga,10/20/1998,F,
Poff,Carlita,Xichang,9/3/1997,F,06763 Service Center
Learmount,Zacharie,Fizuli,9/3/1987,M,
Novis,Hazel,Venda,12/8/1998,M,
Robinette,Neale,Labin,10/22/1984,M,
Speedin,Daniele,Ngrejo,4/3/1994,F,6243 Lakewood Gardens Circle
Brayford,Bent,Bakhmach,8/9/1992,M,
Chesshire,Rhea,Ipatinga,1/22/1991,F,
Willock,Ernesta,Algeciras,3/29/1988,F,
Breffit,Klarrisa,Fatumuti,12/6/1988,F,
Ryhorovich,Arabel,Chaoyang,12/27/1989,F,
Ibbett,Ashley,Ketian,4/19/1986,M,
Silcock,Gerrard,Calvaria de Baixo,2/27/1988,M,
Lowensohn,Elyn,Uppsala,2/6/1994,F,
Longmire,Paton,Xinlin,2/27/1997,M,
Ferroni,Ewan,Atbasar,11/24/1997,M,8 Spenser Trail
Royl,Dennie,Cineumbeuy,9/15/1993,M,9022 Myrtle Lane
O'Neill,Monique,Zharkent,4/21/1994,F,1 Ridgeview Park
Proom,Dalia,Felgueiras,1/31/1987,F,97 Artisan Hill
Boich,Jameson,Soloneshnoye,4/2/1993,M,
Mount,Adriane,Iganga,4/5/1986,F,47551 Riverside Avenue
Heasley,George,Genova,1/11/2000,M,
Quibell,Vita,Yuetang,1/4/1985,F,
Colnett,Nanon,Wadi Kidul,10/24/1988,F,
Lynnett,Wood,Pakis,3/2/1994,M,
Blackeby,Isobel,Rio Piracicaba,7/30/1990,F,8 Lotheville Crossing
Barthelemy,Leola,Nevers,8/24/1994,F,
Payley,Ibbie,Bijie,5/17/1985,F,776 Prentice Plaza
Rolfi,Costa,Georgiyevskaya,10/5/1990,M,
Frensch,Cassie,Atlasovo,9/22/1992,F,
Berns,Nesta,Valada,11/18/1995,F,579 Kipling Point
Tremmil,Olga,Montesson,11/23/1990,F,
Whitehouse,Hildy,Rucheng Chengguanzhen,8/30/1983,F,94 Shelley Trail
Gorgen,Torrey,San Pedro One,3/7/1993,M,
Vanelli,Brodie,Keli,8/24/1987,M,
MacTague,Christoffer,Tinambac,11/6/1984,M,
Deavall,Jodi,Cabedelo,4/21/1996,F,
Fidilis,Deanne,Glubokiy,5/28/1989,F,
Clarae,Nona,Florencia,11/1/1985,F,
Douty,Cullen,Loja,1/9/1999,M,
Scourge,Tove,Novotitarovskaya,5/16/1984,F,
Purveys,Addia,Yulin,9/1/1996,F,
Alflatt,Pierce,Sancha,8/24/1995,M,
Guinan,Vladimir,Kilcullen,12/17/1994,M,9 Old Gate Alley
Magrannell,Carlyle,Ramotswa,2/12/2001,M,
Freemantle,Dion,Leština,3/13/1999,M,
Crowden,Willamina,Yungay,7/7/1996,F,
Dawdary,Corbin,Sandakan,10/11/1988,M,
Champion,Augusto,Wenwuba,3/8/1987,M,
Danielsson,Jorey,Badeggi,12/2/1986,F,
Petersen,Hilliary,Lons-le-Saunier,3/11/2000,F,
Antonias,Alonzo,Yuetang,10/11/1990,M,
Mollen,Roselia,Xiaoguan,3/28/1994,F,
Thomton,Robin,Tohautu,12/2/1984,M,
Darrigoe,Briant,Budzów,6/1/1985,M,
Dimbylow,Arnaldo,Cabriz,4/14/2000,M,
Hudghton,Arel,Aracaju,2/15/1989,M,
Ridel,Madelaine,Lameiro,1/6/1985,F,
Hale,Robina,Ecroignard,3/15/1985,F,55631 Stephen Park
Joselovitch,Jobey,Heishan,1/30/1983,F,22555 Washington Way
Rosenberg,Demetris,Zemlyansk,2/1/1985,M,
Mableson,Aldus,Sumy,10/2/1988,M,
Coda,Hedi,Xinxu,12/27/1990,F,
Neely,Wells,Santa Maria,9/20/1999,M,
Sharland,Tamas,Kabare,6/20/1987,M,2 Superior Street
Moxson,Dena,Firá,5/11/1983,F,820 Hollow Ridge Terrace
Barney,Katharina,Tuanjie,2/25/1994,F,
Marris,Marnie,Manicaragua,4/8/1986,F,
Westbrook,Ketti,Lengji,8/16/1995,F,
Krienke,Marguerite,Paraíso,11/17/1996,F,503 Elmside Parkway
Paddick,Case,Los Angeles,8/29/1993,M,
Nicolls,Lev,Gambang,9/23/1983,M,
Welling,Jorry,Gocoton,3/4/1986,F,
Marsham,Burr,Baojia,11/18/1998,M,
Waber,Cobbie,Ufa,11/9/1985,M,
Nutbean,Dredi,Pinellas Park,5/24/1989,F,2 Truax Road
Shawley,Rich,Borjomi,12/29/1984,M,
Mullenger,Kylen,Nokaneng,7/7/1986,F,
Itzhak,Daryle,Sihe,12/2/1989,M,6757 Hoepker Center
Mertsching,Emlyn,Staraya Stanitsa,12/30/1987,M,
Matussevich,Othello,Wates,12/9/1997,M,8 Gateway Point
Curtin,Nikolas,Kremenki,7/25/2000,M,645 Schmedeman Terrace
Primrose,Virginia,Tiepu,8/11/1997,F,93 Esch Plaza
Enrich,Westleigh,Xinbao,5/11/1995,M,
Brekonridge,Bogart,Lower Hutt,1/18/1988,M,
Littleton,Orran,Jatisari,4/1/1983,M,1755 Maple Wood Junction
Chasson,Richie,Touzao,5/23/1983,M,
Forrestall,Claresta,Paris La Défense,1/2/1989,F,
Follows,Bryana,Palaiochóri,8/4/1991,F,
Hryniewicki,Clayton,Zouparria do Monte,5/16/1990,M,
Pechacek,Gay,Basseterre,12/11/1982,F,
Troyes,Michaela,Krapina,7/2/1999,F,3407 Trailsway Point
Aleksankin,Cheslie,Paihia,4/9/1988,F,
Tire,Monro,Sundsvall,4/28/1992,M,
Patullo,Clint,Lanhe,5/22/1995,M,
Rickasse,Allin,Xomong,11/30/1999,M,
Suddock,Brooks,Boyang,7/12/1997,F,
Whieldon,Kalie,Xinchenglu,10/26/2000,F,3517 Schurz Alley
Elis,Shelby,Guadalupe,9/25/1999,F,
Janas,Velma,Libon,10/13/1999,F,
Saby,Dougy,Cimo de Vila,2/6/2000,M,
De Bischop,Nolana,Chuanshan,8/18/1986,F,
Weightman,Arie,Lajinha,1/29/1999,M,
Eadmeads,Merci,Sakété,10/6/1996,F,
Lotte,Nessie,Henglu,9/29/1987,F,
Dana,Kerstin,Pereyaslav-Khmel’nyts’kyy,12/15/1985,F,
Kermannes,Ernesta,Kalpin,10/6/1996,F,
Eller,Editha,Acul du Nord,4/26/1994,F,
Jenton,Bryant,Steinkjer,7/14/1996,M,
Booley,Edee,Mehtar Lām,11/28/1984,F,
Killough,Domingo,São Bartolomeu,1/1/1985,M,007 Maryland Circle
Oubridge,Ines,Malianzhuang,6/16/1993,F,261 Doe Crossing Terrace
Kender,Ezri,Taiba,4/27/1986,M,
Keyzor,Isak,Panjakent,2/8/1992,M,
Cutill,Konstanze,Arvika,12/20/1983,F,
Tailby,Loni,General José de San Martín,6/18/1989,F,
Shyram,Ferdy,Golynki,6/19/1987,M,8221 Artisan Center
Baskerfield,Ronda,Dongbatu,2/20/2000,F,
Drewes,Rooney,Choropampa,11/8/1984,M,
Edgeworth,Wyn,Khōshī,6/2/1989,M,
Borthe,Junina,Changlu,2/27/1991,F,
Chasle,Francklyn,Iradan,5/20/1999,M,916 Montana Pass
Borrett,Spencer,Cirangkong,4/17/1986,M,35 Gale Trail
Baptist,Consolata,Reggio Calabria,2/26/2001,F,
Boutellier,Marleah,Puerto Asís,12/20/1991,F,
Baskeyfied,Catrina,Angers,8/5/1993,F,
Casburn,Chan,Dimbokro,8/17/1996,M,
Kuhle,Juana,Dulag,9/29/1986,F,
Lobb,Yolane,Gyōda,10/12/1991,F,
Nuscha,Flori,Fenais da Ajuda,12/13/1986,F,
Flea,Abra,Darmasari,11/27/1992,F,
Phlipon,Mollie,Herīs,3/7/1989,F,9657 Kenwood Road
Durgan,Tommi,Zhenhai,4/18/1985,F,
McKeney,Carolynn,Žacléř,8/7/1982,F,9359 Trailsway Point
Subhan,Benjamen,Lingbei,11/25/1984,M,
Whiteway,Tanhya,Fichē,5/27/1987,F,36447 Rockefeller Place
Stillert,Kristo,Billère,4/16/1988,M,
Slowan,Tonye,Huangzhou,8/2/1991,F,
Rohlf,Timmie,Likhoy,11/6/1988,F,45083 Gale Way
Olliver,Del,Voiron,8/24/1984,M,
Fuzzey,Cate,Campo Alegre,12/21/1997,F,
Grise,Viviyan,Tomaševac,8/9/1996,F,56124 Arkansas Drive
Vacher,Winne,Shah Alam,4/30/1989,F,
Blesing,Althea,El Limon,10/16/1986,F,
Goodinson,Chauncey,Songzhuang,11/28/1994,M,
Griffith,Ragnar,Zyryanovsk,3/3/1997,M,08250 2nd Pass
Sowrah,Lucienne,Melgar,1/13/1993,F,
Guidera,Alisha,Cikalang,1/29/1996,F,49 Veith Park
Copland,Marie-jeanne,Kuybyshev,6/26/2000,F,
Guirard,Abbe,Kowale Oleckie,5/6/1998,F,
Bywater,Palmer,Dzerzhinsk,1/13/2000,M,
Rake,Brunhilde,Masinloc,10/23/1984,F,
Escreet,Ellswerth,Xiwu,6/15/1999,M,
Graves,Gilbertine,Sumberkindagan,12/22/1989,F,
Chalcraft,Ricard,Oravais,9/29/1988,M,4 David Street
Rumsey,Eal,Miches,6/10/1987,M,
Dixsee,Waylan,Lons-le-Saunier,1/4/1995,M,
Fairfoull,Thoma,Jieguanting,12/2/1987,M,
Huffey,Alisha,Longwei,2/21/1988,F,
Colls,Tabby,Kōriyama,12/13/1982,M,05782 Clarendon Street
Beddon,Jaynell,Potrero Grande,10/20/1986,F,
Rive,Avictor,Sobreiro,6/24/1991,M,
Greenlees,Abbe,Wierzbica,1/15/1985,F,
Stollenbecker,Gratia,Sakado,10/11/1989,F,0874 Hoepker Hill
Aspole,Emerson,Outeiro,6/17/1995,M,
Lukesch,Dory,Fangfan,2/7/1983,M,22 Acker Circle
Domeney,Richmound,Fredrikstad,9/24/1983,M,631 Lakewood Gardens Avenue
Lawie,Elnar,Junliangcheng,11/14/1988,M,
Francescuccio,Carin,Maqiu,2/10/1993,F,
Dayce,Monro,Kano,6/20/1996,M,
Nutley,Lyndell,Koga,6/1/1990,F,
Matthesius,Rinaldo,Yudai,7/3/1999,M,
Taks,Judye,Seren Barat,3/16/1989,F,167 Longview Terrace
Sapshed,Jewelle,Shah Alam,5/29/1991,F,65 Gerald Parkway
Cassells,Marieann,Krivyanskaya,10/4/1991,F,
Molan,Gwendolin,Mercedes,12/13/1991,F,06318 Warbler Place
Pearle,Barton,Minas de Marcona,11/21/1996,M,
Tebbutt,Nefen,Harbin,4/21/1986,M,9180 Miller Avenue
Jakubiak,Hobard,Cravinhos,11/4/1982,M,
Donaldson,Marcel,Verkhnevilyuysk,6/25/1991,M,028 Claremont Avenue
Hallmark,Tori,Perreng,11/4/1986,F,33359 Haas Hill
Melby,Chen,Shangjia,4/11/1990,M,
Mosedall,Jemmy,Kademangan,1/1/1999,F,2725 Dexter Street
Igo,Christophe,Muonio,1/6/1998,M,
McGarrity,Israel,Zougang,3/26/1990,M,
Rallin,Marci,London,10/4/1994,F,
Teaz,Alameda,Viedma,12/24/1991,F,
Drake,Ora,Pereira,8/19/1996,F,
Enevoldsen,Janela,Wińsko,1/28/1986,F,57156 Katie Drive
Frontczak,Lorraine,Wurigelebur,1/19/1995,F,
Schlagtmans,Bellina,Colatina,11/5/1982,F,7 Arapahoe Park
Olufsen,Rosalinda,Cijengkol,7/19/1982,F,787 Rockefeller Hill
Lurcock,Desmund,Hucheng,6/11/1993,M,
Harnor,Marje,Baranoa,5/29/1986,F,
Screech,Kimbra,Baguim do Monte,10/5/1985,F,
Vaudre,Ilyse,Oranzherei,10/2/1994,F,
Stedall,Reggy,Chernogorsk,1/26/1998,M,12 Merrick Park
Pavlishchev,Ross,Pécs,11/25/1995,M,
Nys,Datha,Paris 16,11/25/1985,F,
Dibbin,Pauletta,Sumbergedong,2/6/1999,F,
Canadine,Tamara,Qingu,1/12/1996,F,
Marven,Ashli,Xiaqiao,9/3/1985,F,3 Little Fleur Junction
Musgrave,Kathe,Haolaishan,12/19/1995,F,
Pretley,Marylynne,Olds,12/17/1996,F,
Abbe,Gard,Vale de Mendiz,2/11/1993,M,
Lars,Tana,Pelaya,8/21/2000,F,
Fewell,Guenna,Palmar de Varela,9/18/2000,F,
Stoven,Zaria,Sedinginan,12/12/1988,F,
Ochterlony,Adella,Mostek,8/10/1989,F,
Hefforde,Dottie,Melchor Ocampo,2/11/1984,F,30 Maple Wood Way
Gorsse,Felicdad,Dërmënas,8/7/1996,F,5410 Myrtle Point
Yaakov,Devon,Bābolsar,7/11/1987,F,0230 Mendota Street
Boase,Hillier,Würzburg,3/22/2000,M,7687 Hollow Ridge Trail
Scapelhorn,Nalani,Taphan Hin,3/14/1987,F,
Mc Harg,Missie,Barra Velha,3/11/1994,F,
Allwood,Gabi,Qianzhou,12/22/1987,F,
Aizikovitch,Estele,Vardane,12/15/1997,F,39 Morningstar Lane
Constantine,Roderigo,Agara,10/1/1990,M,084 Butternut Court
Lowless,Talbot,Matatiele,3/28/1995,M,87638 Becker Terrace
Ambrogio,Leslie,Orange,5/12/2000,F,
Rolse,Sherye,Suez,8/28/1983,F,
Priter,Petronella,Thị Trấn Yên Cát,9/20/1986,F,847 Cottonwood Avenue
Leopold,Jo,Taoyang,8/21/1983,M,14694 Colorado Road
Priddis,Leigh,Gogaran,1/1/1983,M,
Jills,Winthrop,Tournan-en-Brie,4/23/1987,M,
Chant,Torey,Saint David’s,8/22/1990,F,
Kinnard,Hedvige,Wanfu,8/25/1994,F,73273 Ronald Regan Place
Londors,Tracie,João Câmara,9/18/1998,M,
MacCafferty,Teodor,Vaitogi,10/31/1992,M,
Emtage,Dawn,Baturaja,10/22/1995,F,
